CREATE TABLE "public"."learnweb_eingeschrieben" (
    "mtknr" integer,
    "veranstid" integer,
    "status" character(2),
    "zeitstempel" timestamp without time zone
) WITHOUT OIDS;

INSERT INTO "learnweb_eingeschrieben" ("mtknr", "veranstid", "status", "zeitstempel") VALUES ('123526', '133750', 'SP', '2012-06-21 16:31:31.973');
INSERT INTO "learnweb_eingeschrieben" ("mtknr", "veranstid", "status", "zeitstempel") VALUES ('214361', '133750', 'SP', '2012-07-17 17:55:39.301');
INSERT INTO "learnweb_eingeschrieben" ("mtknr", "veranstid", "status", "zeitstempel") VALUES ('794926', '133672', 'SP', '2012-07-18 15:41:55');
INSERT INTO "learnweb_eingeschrieben" ("mtknr", "veranstid", "status", "zeitstempel") VALUES ('259366', '133750', 'SP', '2012-07-21 18:17:06.264');
INSERT INTO "learnweb_eingeschrieben" ("mtknr", "veranstid", "status", "zeitstempel") VALUES ('470385', '133750', 'SP', '2012-08-20 17:37:43.2');
INSERT INTO "learnweb_eingeschrieben" ("mtknr", "veranstid", "status", "zeitstempel") VALUES ('855064', '133750', 'SP', '2012-08-22 22:33:24.96');
INSERT INTO "learnweb_eingeschrieben" ("mtknr", "veranstid", "status", "zeitstempel") VALUES ('338311', '133863', 'SP', '2012-08-27 18:14:19.272');
INSERT INTO "learnweb_eingeschrieben" ("mtknr", "veranstid", "status", "zeitstempel") VALUES ('462350', '133750', 'SP', '2012-09-01 17:26:10.338');
INSERT INTO "learnweb_eingeschrieben" ("mtknr", "veranstid", "status", "zeitstempel") VALUES ('597259', '133863', 'SP', '2012-09-04 00:16:02.792');
INSERT INTO "learnweb_eingeschrieben" ("mtknr", "veranstid", "status", "zeitstempel") VALUES ('499881', '133863', 'SP', '2012-09-04 09:35:09.304');
INSERT INTO "learnweb_eingeschrieben" ("mtknr", "veranstid", "status", "zeitstempel") VALUES ('744287', '133750', 'SP', '2012-09-09 17:17:00.867');
INSERT INTO "learnweb_eingeschrieben" ("mtknr", "veranstid", "status", "zeitstempel") VALUES ('513551', '133672', 'SP', '2012-09-10 14:08:18.422');
INSERT INTO "learnweb_eingeschrieben" ("mtknr", "veranstid", "status", "zeitstempel") VALUES ('655418', '133750', 'SP', '2012-09-12 22:26:19.784');
INSERT INTO "learnweb_eingeschrieben" ("mtknr", "veranstid", "status", "zeitstempel") VALUES ('174132', '133672', 'SP', '2012-09-14 11:28:42.242');
INSERT INTO "learnweb_eingeschrieben" ("mtknr", "veranstid", "status", "zeitstempel") VALUES ('324665', '133863', 'SP', '2012-09-14 22:26:07.699');
INSERT INTO "learnweb_eingeschrieben" ("mtknr", "veranstid", "status", "zeitstempel") VALUES ('758132', '133863', 'SP', '2012-09-18 20:47:58.792');
INSERT INTO "learnweb_eingeschrieben" ("mtknr", "veranstid", "status", "zeitstempel") VALUES ('351057', '133750', 'SP', '2012-09-20 16:15:52.38');
INSERT INTO "learnweb_eingeschrieben" ("mtknr", "veranstid", "status", "zeitstempel") VALUES ('766423', '133750', 'SP', '2012-09-24 22:11:30.606');
INSERT INTO "learnweb_eingeschrieben" ("mtknr", "veranstid", "status", "zeitstempel") VALUES ('318967', '133863', 'SP', '2012-09-25 21:56:17.773');
INSERT INTO "learnweb_eingeschrieben" ("mtknr", "veranstid", "status", "zeitstempel") VALUES ('768820', '133863', 'SP', '2012-09-29 14:35:20.512');
INSERT INTO "learnweb_eingeschrieben" ("mtknr", "veranstid", "status", "zeitstempel") VALUES ('434187', '133672', 'SP', '2012-09-29 14:43:28.757');
INSERT INTO "learnweb_eingeschrieben" ("mtknr", "veranstid", "status", "zeitstempel") VALUES ('505626', '133863', 'SP', '2012-09-30 23:09:32.741');
INSERT INTO "learnweb_eingeschrieben" ("mtknr", "veranstid", "status", "zeitstempel") VALUES ('485793', '133750', 'SP', '2012-09-30 20:58:07.75');
INSERT INTO "learnweb_eingeschrieben" ("mtknr", "veranstid", "status", "zeitstempel") VALUES ('293938', '133750', 'SP', '2012-10-01 10:14:11.196');
INSERT INTO "learnweb_eingeschrieben" ("mtknr", "veranstid", "status", "zeitstempel") VALUES ('586883', '133750', 'SP', '2012-10-02 00:09:50.5');
INSERT INTO "learnweb_eingeschrieben" ("mtknr", "veranstid", "status", "zeitstempel") VALUES ('848280', '133750', 'SP', '2012-10-01 14:43:48.806');
INSERT INTO "learnweb_eingeschrieben" ("mtknr", "veranstid", "status", "zeitstempel") VALUES ('135711', '133672', 'SP', '2012-10-02 23:08:55.411');
INSERT INTO "learnweb_eingeschrieben" ("mtknr", "veranstid", "status", "zeitstempel") VALUES ('187317', '133863', 'SP', '2012-10-03 15:46:48.414');
INSERT INTO "learnweb_eingeschrieben" ("mtknr", "veranstid", "status", "zeitstempel") VALUES ('336033', '133750', 'SP', '2012-10-04 06:42:57.745');
INSERT INTO "learnweb_eingeschrieben" ("mtknr", "veranstid", "status", "zeitstempel") VALUES ('541328', '133750', 'SP', '2012-10-04 10:42:06.98');
INSERT INTO "learnweb_eingeschrieben" ("mtknr", "veranstid", "status", "zeitstempel") VALUES ('753313', '133863', 'SP', '2012-10-04 14:59:19.211');
INSERT INTO "learnweb_eingeschrieben" ("mtknr", "veranstid", "status", "zeitstempel") VALUES ('792973', '133750', 'SP', '2012-10-04 14:59:19.212');
INSERT INTO "learnweb_eingeschrieben" ("mtknr", "veranstid", "status", "zeitstempel") VALUES ('182336', '133750', 'SP', '2012-10-05 00:20:55.271');
INSERT INTO "learnweb_eingeschrieben" ("mtknr", "veranstid", "status", "zeitstempel") VALUES ('796400', '133863', 'SP', '2012-10-04 17:01:35.306');
INSERT INTO "learnweb_eingeschrieben" ("mtknr", "veranstid", "status", "zeitstempel") VALUES ('472077', '133863', 'SP', '2012-10-05 19:00:32.274');
INSERT INTO "learnweb_eingeschrieben" ("mtknr", "veranstid", "status", "zeitstempel") VALUES ('880791', '133863', 'SP', '2012-10-06 12:16:20.112');
INSERT INTO "learnweb_eingeschrieben" ("mtknr", "veranstid", "status", "zeitstempel") VALUES ('396577', '133750', 'SP', '2012-10-06 12:41:17.987');
INSERT INTO "learnweb_eingeschrieben" ("mtknr", "veranstid", "status", "zeitstempel") VALUES ('974015', '133863', 'SP', '2012-10-06 12:03:03.96');
INSERT INTO "learnweb_eingeschrieben" ("mtknr", "veranstid", "status", "zeitstempel") VALUES ('606031', '133672', 'SP', '2012-10-06 17:20:33.275');
INSERT INTO "learnweb_eingeschrieben" ("mtknr", "veranstid", "status", "zeitstempel") VALUES ('457878', '133750', 'SP', '2012-10-06 20:09:44.964');
INSERT INTO "learnweb_eingeschrieben" ("mtknr", "veranstid", "status", "zeitstempel") VALUES ('533394', '133863', 'SP', '2012-10-07 14:48:26.889');
INSERT INTO "learnweb_eingeschrieben" ("mtknr", "veranstid", "status", "zeitstempel") VALUES ('172038', '133863', 'SP', '2012-10-07 14:28:45.493');
INSERT INTO "learnweb_eingeschrieben" ("mtknr", "veranstid", "status", "zeitstempel") VALUES ('698261', '133750', 'SP', '2012-10-07 21:12:31.711');
INSERT INTO "learnweb_eingeschrieben" ("mtknr", "veranstid", "status", "zeitstempel") VALUES ('926077', '133863', 'SP', '2012-10-07 17:34:47.892');
INSERT INTO "learnweb_eingeschrieben" ("mtknr", "veranstid", "status", "zeitstempel") VALUES ('170205', '133863', 'SP', '2012-10-07 22:33:28.796');
INSERT INTO "learnweb_eingeschrieben" ("mtknr", "veranstid", "status", "zeitstempel") VALUES ('811035', '133750', 'SP', '2012-10-07 23:05:02.68');
INSERT INTO "learnweb_eingeschrieben" ("mtknr", "veranstid", "status", "zeitstempel") VALUES ('850068', '133750', 'SP', '2012-10-08 06:43:53.758');
INSERT INTO "learnweb_eingeschrieben" ("mtknr", "veranstid", "status", "zeitstempel") VALUES ('633627', '133750', 'SP', '2012-10-08 07:35:33.867');
INSERT INTO "learnweb_eingeschrieben" ("mtknr", "veranstid", "status", "zeitstempel") VALUES ('883884', '133863', 'SP', '2012-10-08 12:29:58.6');
INSERT INTO "learnweb_eingeschrieben" ("mtknr", "veranstid", "status", "zeitstempel") VALUES ('660178', '133672', 'SP', '2012-10-08 11:06:36.49');
INSERT INTO "learnweb_eingeschrieben" ("mtknr", "veranstid", "status", "zeitstempel") VALUES ('208532', '133672', 'SP', '2012-10-08 22:55:24.369');
INSERT INTO "learnweb_eingeschrieben" ("mtknr", "veranstid", "status", "zeitstempel") VALUES ('515693', '133750', 'SP', '2012-10-08 13:05:24.64');
INSERT INTO "learnweb_eingeschrieben" ("mtknr", "veranstid", "status", "zeitstempel") VALUES ('118751', '133863', 'SP', '2012-10-08 19:47:31.145');
INSERT INTO "learnweb_eingeschrieben" ("mtknr", "veranstid", "status", "zeitstempel") VALUES ('693802', '133750', 'SP', '2012-10-08 16:38:53.185');
INSERT INTO "learnweb_eingeschrieben" ("mtknr", "veranstid", "status", "zeitstempel") VALUES ('747771', '133750', 'SP', '2012-10-09 08:40:36.446');
INSERT INTO "learnweb_eingeschrieben" ("mtknr", "veranstid", "status", "zeitstempel") VALUES ('748370', '133750', 'SP', '2012-10-09 13:16:52.401');
INSERT INTO "learnweb_eingeschrieben" ("mtknr", "veranstid", "status", "zeitstempel") VALUES ('409320', '133863', 'SP', '2012-10-12 18:09:06.682');
INSERT INTO "learnweb_eingeschrieben" ("mtknr", "veranstid", "status", "zeitstempel") VALUES ('261564', '133672', 'SP', '2012-10-13 16:07:13.48');
INSERT INTO "learnweb_eingeschrieben" ("mtknr", "veranstid", "status", "zeitstempel") VALUES ('732534', '133750', 'SP', '2012-10-15 11:11:33.548');
INSERT INTO "learnweb_eingeschrieben" ("mtknr", "veranstid", "status", "zeitstempel") VALUES ('216012', '133672', 'SP', '2012-10-15 16:01:36.368');
INSERT INTO "learnweb_eingeschrieben" ("mtknr", "veranstid", "status", "zeitstempel") VALUES ('865010', '133750', 'SP', '2012-10-16 10:47:30.2');
INSERT INTO "learnweb_eingeschrieben" ("mtknr", "veranstid", "status", "zeitstempel") VALUES ('977607', '133750', 'SP', '2012-10-17 19:27:03.924');
INSERT INTO "learnweb_eingeschrieben" ("mtknr", "veranstid", "status", "zeitstempel") VALUES ('666645', '133750', 'SP', '2012-10-17 22:42:44.61');
INSERT INTO "learnweb_eingeschrieben" ("mtknr", "veranstid", "status", "zeitstempel") VALUES ('509910', '133750', 'SP', '2012-10-18 09:56:59.312');
INSERT INTO "learnweb_eingeschrieben" ("mtknr", "veranstid", "status", "zeitstempel") VALUES ('778066', '133750', 'SP', '2012-10-22 23:38:43.21');
INSERT INTO "learnweb_eingeschrieben" ("mtknr", "veranstid", "status", "zeitstempel") VALUES ('808927', '133750', 'SP', '2012-10-23 17:10:46.22');
INSERT INTO "learnweb_eingeschrieben" ("mtknr", "veranstid", "status", "zeitstempel") VALUES ('758812', '133750', 'SP', '2012-10-23 19:19:01.691');
INSERT INTO "learnweb_eingeschrieben" ("mtknr", "veranstid", "status", "zeitstempel") VALUES ('613619', '133863', 'SP', '2012-10-25 13:36:08.867');
INSERT INTO "learnweb_eingeschrieben" ("mtknr", "veranstid", "status", "zeitstempel") VALUES ('883876', '133750', 'SP', '2012-10-25 13:36:08.872');
INSERT INTO "learnweb_eingeschrieben" ("mtknr", "veranstid", "status", "zeitstempel") VALUES ('997464', '148253', 'SP', '2013-02-27 14:39:42.595');
INSERT INTO "learnweb_eingeschrieben" ("mtknr", "veranstid", "status", "zeitstempel") VALUES ('752644', '148253', 'SP', '2013-04-11 19:57:01.705');
INSERT INTO "learnweb_eingeschrieben" ("mtknr", "veranstid", "status", "zeitstempel") VALUES ('564362', '148253', 'SP', '2013-04-13 13:09:26.795');


CREATE TABLE "public"."learnweb_personal" (
    "pid" integer,
    "zivk" text,
    "nachname" character varying(50),
    "vorname" character varying(50),
    "akadgrad" character varying(50),
    "login" character varying(50)
) WITHOUT OIDS;

INSERT INTO "learnweb_personal" ("pid", "zivk", "nachname", "vorname", "akadgrad", "login") VALUES ('4452', 'herbert', 'Bert', 'Her(r)', 'Prof. Dr.', 'herbert');
INSERT INTO "learnweb_personal" ("pid", "zivk", "nachname", "vorname", "akadgrad", "login") VALUES ('18343', 'cusen', 'Muster"', 'Claus"', 'Dipl.-Wirt.-Inf.', 'cusen');
INSERT INTO "learnweb_personal" ("pid", "zivk", "nachname", "vorname", "akadgrad", "login") VALUES ('21455', 'smuell', 'Mueller', 'Steffen', '', 'smuell');
INSERT INTO "learnweb_personal" ("pid", "zivk", "nachname", "vorname", "akadgrad", "login") VALUES ('23415', 'eing', 'Ing', 'Ernst', 'M.Sc.', 'eing');


CREATE TABLE "public"."learnweb_personal_veranst" (
    "pid" integer,
    "veranstid" integer,
    "sort" integer,
    "zustaendigkeit" character varying(255)
) WITHOUT OIDS;

INSERT INTO "learnweb_personal_veranst" ("pid", "veranstid", "sort", "zustaendigkeit") VALUES ('21455', '138442', '11', 'begleitend');
INSERT INTO "learnweb_personal_veranst" ("pid", "veranstid", "sort", "zustaendigkeit") VALUES ('21455', '138440', '11', 'begleitend');
INSERT INTO "learnweb_personal_veranst" ("pid", "veranstid", "sort", "zustaendigkeit") VALUES ('21455', '151092', NULL, 'verantwort');
INSERT INTO "learnweb_personal_veranst" ("pid", "veranstid", "sort", "zustaendigkeit") VALUES ('21455', '138673', '20', 'begleitend');
INSERT INTO "learnweb_personal_veranst" ("pid", "veranstid", "sort", "zustaendigkeit") VALUES ('4452', '138442', '9', 'verantwort');
INSERT INTO "learnweb_personal_veranst" ("pid", "veranstid", "sort", "zustaendigkeit") VALUES ('4452', '138440', '9', 'verantwort');
INSERT INTO "learnweb_personal_veranst" ("pid", "veranstid", "sort", "zustaendigkeit") VALUES ('4452', '133672', '10', 'verantwort');
INSERT INTO "learnweb_personal_veranst" ("pid", "veranstid", "sort", "zustaendigkeit") VALUES ('4452', '133664', NULL, 'verantwort');
INSERT INTO "learnweb_personal_veranst" ("pid", "veranstid", "sort", "zustaendigkeit") VALUES ('4452', '133750', '10', 'verantwort');
INSERT INTO "learnweb_personal_veranst" ("pid", "veranstid", "sort", "zustaendigkeit") VALUES ('4452', '133863', '40', 'begleitend');
INSERT INTO "learnweb_personal_veranst" ("pid", "veranstid", "sort", "zustaendigkeit") VALUES ('4452', '148253', '10', 'verantwort');
INSERT INTO "learnweb_personal_veranst" ("pid", "veranstid", "sort", "zustaendigkeit") VALUES ('4452', '151084', NULL, 'verantwort');
INSERT INTO "learnweb_personal_veranst" ("pid", "veranstid", "sort", "zustaendigkeit") VALUES ('4452', '151092', NULL, 'verantwort');
INSERT INTO "learnweb_personal_veranst" ("pid", "veranstid", "sort", "zustaendigkeit") VALUES ('4452', '138673', '10', 'verantwort');
INSERT INTO "learnweb_personal_veranst" ("pid", "veranstid", "sort", "zustaendigkeit") VALUES ('23415', '133664', NULL, 'begleitend');
INSERT INTO "learnweb_personal_veranst" ("pid", "veranstid", "sort", "zustaendigkeit") VALUES ('23415', '133750', '15', 'begleitend');
INSERT INTO "learnweb_personal_veranst" ("pid", "veranstid", "sort", "zustaendigkeit") VALUES ('23415', '148253', '30', 'begleitend');


CREATE TABLE "public"."learnweb_stdp" (
    "mtknr" integer,
    "veranstid" integer,
    "terminid" integer,
    "status" character(2)
) WITHOUT OIDS;


CREATE TABLE "public"."learnweb_ueberschrift" (
    "veranstid" integer,
    "quellid" integer,
    "eid" integer,
    "ueid" integer,
    "semester" integer,
    "untergeord" integer,
    "uebergeord" integer,
    "txt" character varying(255),
    "zeitstempel" timestamp without time zone
) WITHOUT OIDS;

INSERT INTO "learnweb_ueberschrift" ("veranstid", "quellid", "eid", "ueid", "semester", "untergeord", "uebergeord", "txt", "zeitstempel") VALUES (NULL, '57775', NULL, '57775', '20112', '57775', '62194', 'Veranstaltungen f\1\1r den Master of Science Informatik', '2011-03-03 09:59:12.977');
INSERT INTO "learnweb_ueberschrift" ("veranstid", "quellid", "eid", "ueid", "semester", "untergeord", "uebergeord", "txt", "zeitstempel") VALUES (NULL, '57821', NULL, '57821', '20112', '57821', '62194', 'Veranstaltungen f\1\1r den 2-Fach-Bachelor Informatik (Modellversuch)', '2011-06-27 11:17:47.288');
INSERT INTO "learnweb_ueberschrift" ("veranstid", "quellid", "eid", "ueid", "semester", "untergeord", "uebergeord", "txt", "zeitstempel") VALUES (NULL, '57992', NULL, '57992', '20112', '57992', '62729', '3.2 Studiengang Geoinformatik Bachelor of Science', '2011-03-03 09:59:17.521');
INSERT INTO "learnweb_ueberschrift" ("veranstid", "quellid", "eid", "ueid", "semester", "untergeord", "uebergeord", "txt", "zeitstempel") VALUES (NULL, '58066', NULL, '58066', '20112', '58066', '62680', 'Sch\1\1lervorlesungsverzeichnis', '2011-03-03 09:59:18.979');
INSERT INTO "learnweb_ueberschrift" ("veranstid", "quellid", "eid", "ueid", "semester", "untergeord", "uebergeord", "txt", "zeitstempel") VALUES (NULL, '59106', '6', '59106', '20112', '59106', '62562', '1. Bachelor-Studieng\1\1nge', '2011-03-03 09:59:39.421');
INSERT INTO "learnweb_ueberschrift" ("veranstid", "quellid", "eid", "ueid", "semester", "untergeord", "uebergeord", "txt", "zeitstempel") VALUES (NULL, '59494', NULL, '59494', '20112', '59494', '57992', 'Modul Informatik 2', '2011-03-03 09:59:47.143');
INSERT INTO "learnweb_ueberschrift" ("veranstid", "quellid", "eid", "ueid", "semester", "untergeord", "uebergeord", "txt", "zeitstempel") VALUES (NULL, '59970', '6', '59970', '20112', '59970', '62562', '2. Master-Studieng\1\1nge', '2011-03-03 09:59:56.346');
INSERT INTO "learnweb_ueberschrift" ("veranstid", "quellid", "eid", "ueid", "semester", "untergeord", "uebergeord", "txt", "zeitstempel") VALUES (NULL, '60544', '9', '60544', '20112', '60544', '62194', 'Veranstaltungen f\1\1r das Lehramt Gym/Ges bzw. BK (LPO 2003) sowie das Lehramt SII und SI (LPO 1998), unter anderem zur Fachdidaktik der Mathematik und Informatik', '2011-06-27 11:49:51.794');
INSERT INTO "learnweb_ueberschrift" ("veranstid", "quellid", "eid", "ueid", "semester", "untergeord", "uebergeord", "txt", "zeitstempel") VALUES (NULL, '61457', NULL, '61457', '20112', '61457', '62194', 'Veranstaltungen f\1\1r den 1-Fach-Bachelor Mathematik', '2011-03-03 10:00:25.57');
INSERT INTO "learnweb_ueberschrift" ("veranstid", "quellid", "eid", "ueid", "semester", "untergeord", "uebergeord", "txt", "zeitstempel") VALUES (NULL, '61955', NULL, '61955', '20112', '61955', '62194', 'Veranstaltungen f\1\1r den 1-Fach-Bachelor Informatik', '2011-03-03 10:00:35.441');
INSERT INTO "learnweb_ueberschrift" ("veranstid", "quellid", "eid", "ueid", "semester", "untergeord", "uebergeord", "txt", "zeitstempel") VALUES (NULL, '62194', '9', '62194', '20112', '62194', '57468', 'Mathematik und Informatik', '2011-03-03 10:24:47.246');
INSERT INTO "learnweb_ueberschrift" ("veranstid", "quellid", "eid", "ueid", "semester", "untergeord", "uebergeord", "txt", "zeitstempel") VALUES (NULL, '62348', NULL, '62348', '20112', '62348', '58066', 'Mathematisch-Naturwissenschaftliche Fakult\1\1t', '2011-03-03 10:24:50.125');
INSERT INTO "learnweb_ueberschrift" ("veranstid", "quellid", "eid", "ueid", "semester", "untergeord", "uebergeord", "txt", "zeitstempel") VALUES (NULL, '62361', '9', '62361', '20112', '62361', '60544', 'Informatik', '2011-03-03 10:24:50.364');
INSERT INTO "learnweb_ueberschrift" ("veranstid", "quellid", "eid", "ueid", "semester", "untergeord", "uebergeord", "txt", "zeitstempel") VALUES (NULL, '62511', '6', '62511', '20112', '62511', '59106', '1.3 Wirtschaftsinformatik', '2011-03-03 10:24:53.181');
INSERT INTO "learnweb_ueberschrift" ("veranstid", "quellid", "eid", "ueid", "semester", "untergeord", "uebergeord", "txt", "zeitstempel") VALUES (NULL, '62562', '6', '62562', '20112', '62562', '57468', 'Wirtschaftswissenschaften', '2011-03-03 10:24:54.18');
INSERT INTO "learnweb_ueberschrift" ("veranstid", "quellid", "eid", "ueid", "semester", "untergeord", "uebergeord", "txt", "zeitstempel") VALUES (NULL, '62680', NULL, '62680', '20112', '62680', '57468', 'Sondervorlesungsverzeichnisse', '2011-03-03 10:24:56.533');
INSERT INTO "learnweb_ueberschrift" ("veranstid", "quellid", "eid", "ueid", "semester", "untergeord", "uebergeord", "txt", "zeitstempel") VALUES (NULL, '62729', '17', '62729', '20112', '62729', '57468', 'Geowissenschaften', '2011-03-03 10:24:57.565');
INSERT INTO "learnweb_ueberschrift" ("veranstid", "quellid", "eid", "ueid", "semester", "untergeord", "uebergeord", "txt", "zeitstempel") VALUES (NULL, '63169', NULL, '63169', '20112', '63169', '57821', 'Vorlesungen', '2011-03-03 10:25:06.434');
INSERT INTO "learnweb_ueberschrift" ("veranstid", "quellid", "eid", "ueid", "semester", "untergeord", "uebergeord", "txt", "zeitstempel") VALUES (NULL, '63195', NULL, '63195', '20112', '63195', '61955', 'Vorlesungen', '2011-03-03 10:25:06.987');
INSERT INTO "learnweb_ueberschrift" ("veranstid", "quellid", "eid", "ueid", "semester", "untergeord", "uebergeord", "txt", "zeitstempel") VALUES (NULL, '63201', NULL, '63201', '20112', '63201', '57775', 'Vorlesungen', '2011-03-03 10:25:07.108');
INSERT INTO "learnweb_ueberschrift" ("veranstid", "quellid", "eid", "ueid", "semester", "untergeord", "uebergeord", "txt", "zeitstempel") VALUES (NULL, '63216', '6', '63216', '20112', '63216', '59970', '2.3 Information Systems', '2011-03-03 10:25:07.399');
INSERT INTO "learnweb_ueberschrift" ("veranstid", "quellid", "eid", "ueid", "semester", "untergeord", "uebergeord", "txt", "zeitstempel") VALUES (NULL, '63278', NULL, '63278', '20112', '63278', '61457', 'Sonstige', '2011-03-03 10:25:08.541');
INSERT INTO "learnweb_ueberschrift" ("veranstid", "quellid", "eid", "ueid", "semester", "untergeord", "uebergeord", "txt", "zeitstempel") VALUES (NULL, '64858', NULL, '64858', '20121', '64858', '69761', '3.3 Studiengang Geoinformatics Master of Science', '2011-09-28 11:15:23.912');
INSERT INTO "learnweb_ueberschrift" ("veranstid", "quellid", "eid", "ueid", "semester", "untergeord", "uebergeord", "txt", "zeitstempel") VALUES (NULL, '65003', NULL, '65003', '20121', '65003', '70366', '1.3.4 Projektseminare und Vertiefungsmodule', '2011-09-28 11:15:26.986');
INSERT INTO "learnweb_ueberschrift" ("veranstid", "quellid", "eid", "ueid", "semester", "untergeord", "uebergeord", "txt", "zeitstempel") VALUES (NULL, '66656', '6', '66656', '20121', '66656', '70366', '1.3.1 Erstes Studienjahr', '2011-09-28 11:16:00.305');
INSERT INTO "learnweb_ueberschrift" ("veranstid", "quellid", "eid", "ueid", "semester", "untergeord", "uebergeord", "txt", "zeitstempel") VALUES (NULL, '67295', NULL, '67295', '20121', '67295', '70030', '2.3.2 Process Management', '2011-09-28 11:16:13.91');
INSERT INTO "learnweb_ueberschrift" ("veranstid", "quellid", "eid", "ueid", "semester", "untergeord", "uebergeord", "txt", "zeitstempel") VALUES (NULL, '67777', NULL, '67777', '20121', '67777', '70366', '1.3.2 Zweites Studienjahr', '2011-09-28 11:16:23.498');
INSERT INTO "learnweb_ueberschrift" ("veranstid", "quellid", "eid", "ueid", "semester", "untergeord", "uebergeord", "txt", "zeitstempel") VALUES (NULL, '67805', NULL, '67805', '20121', '67805', '69877', 'Informatik', '2011-09-28 11:16:24.74');
INSERT INTO "learnweb_ueberschrift" ("veranstid", "quellid", "eid", "ueid", "semester", "untergeord", "uebergeord", "txt", "zeitstempel") VALUES (NULL, '68553', NULL, '68553', '20121', '68553', '70030', '2.3.5 Seminar Electives', '2011-09-28 11:16:40.485');
INSERT INTO "learnweb_ueberschrift" ("veranstid", "quellid", "eid", "ueid", "semester", "untergeord", "uebergeord", "txt", "zeitstempel") VALUES (NULL, '69153', '9', '69153', '20121', '69153', '69495', 'Vorlesungen und \1\1bungen in Informatik', '2011-09-28 11:16:53.147');
INSERT INTO "learnweb_ueberschrift" ("veranstid", "quellid", "eid", "ueid", "semester", "untergeord", "uebergeord", "txt", "zeitstempel") VALUES (NULL, '62194', '9', '69495', '20121', '69495', '63933', 'Mathematik und Informatik', '2011-09-28 11:43:55.187');
INSERT INTO "learnweb_ueberschrift" ("veranstid", "quellid", "eid", "ueid", "semester", "untergeord", "uebergeord", "txt", "zeitstempel") VALUES (NULL, '62562', '6', '69584', '20121', '69584', '63933', 'Wirtschaftswissenschaften', '2011-09-28 11:43:56.89');
INSERT INTO "learnweb_ueberschrift" ("veranstid", "quellid", "eid", "ueid", "semester", "untergeord", "uebergeord", "txt", "zeitstempel") VALUES (NULL, '62729', '17', '69761', '20121', '69761', '63933', 'Geowissenschaften', '2011-09-28 11:44:00.567');
INSERT INTO "learnweb_ueberschrift" ("veranstid", "quellid", "eid", "ueid", "semester", "untergeord", "uebergeord", "txt", "zeitstempel") VALUES (NULL, '69864', NULL, '69864', '20121', '69864', '64858', 'Advanced Topics in Computer Science', '2011-09-28 11:44:02.618');
INSERT INTO "learnweb_ueberschrift" ("veranstid", "quellid", "eid", "ueid", "semester", "untergeord", "uebergeord", "txt", "zeitstempel") VALUES (NULL, '62348', NULL, '69877', '20121', '69877', '65323', 'Mathematisch-Naturwissenschaftliche Fakult\1\1t', '2011-09-28 11:44:02.851');
INSERT INTO "learnweb_ueberschrift" ("veranstid", "quellid", "eid", "ueid", "semester", "untergeord", "uebergeord", "txt", "zeitstempel") VALUES (NULL, '63216', '6', '70030', '20121', '70030', '64972', '2.3 Information Systems', '2011-09-28 11:44:06.18');
INSERT INTO "learnweb_ueberschrift" ("veranstid", "quellid", "eid", "ueid", "semester", "untergeord", "uebergeord", "txt", "zeitstempel") VALUES (NULL, '62680', NULL, '70188', '20121', '70188', '63933', 'Sondervorlesungsverzeichnisse', '2011-09-28 11:44:08.981');
INSERT INTO "learnweb_ueberschrift" ("veranstid", "quellid", "eid", "ueid", "semester", "untergeord", "uebergeord", "txt", "zeitstempel") VALUES (NULL, '62511', '6', '70366', '20121', '70366', '65296', '1.3 Wirtschaftsinformatik', '2011-09-28 11:44:12.599');
INSERT INTO "learnweb_ueberschrift" ("veranstid", "quellid", "eid", "ueid", "semester", "untergeord", "uebergeord", "txt", "zeitstempel") VALUES (NULL, '59106', '6', '71610', '20122', '71610', '77070', '1. Bachelor-Studieng\1\1nge', '2012-03-14 15:38:35.479');
INSERT INTO "learnweb_ueberschrift" ("veranstid", "quellid", "eid", "ueid", "semester", "untergeord", "uebergeord", "txt", "zeitstempel") VALUES (NULL, '74147', NULL, '74147', '20122', '74147', '77071', '2.3.3 Business Networks', '2012-03-14 15:39:56.46');
INSERT INTO "learnweb_ueberschrift" ("veranstid", "quellid", "eid", "ueid", "semester", "untergeord", "uebergeord", "txt", "zeitstempel") VALUES (NULL, '57468', '433', '57468', '20112', '57468', NULL, 'Lehrveranstaltungen', NULL);
INSERT INTO "learnweb_ueberschrift" ("veranstid", "quellid", "eid", "ueid", "semester", "untergeord", "uebergeord", "txt", "zeitstempel") VALUES (NULL, '63933', '433', '63933', '20121', '63933', NULL, 'Lehrveranstaltungen', NULL);
INSERT INTO "learnweb_ueberschrift" ("veranstid", "quellid", "eid", "ueid", "semester", "untergeord", "uebergeord", "txt", "zeitstempel") VALUES (NULL, '64070', NULL, '64070', '20112', '64070', '62194', 'Veranstaltungen f\1\1r den 2-Fach-Bachelor Informatik (LABG 2009)', '2011-06-27 11:19:00.776');
INSERT INTO "learnweb_ueberschrift" ("veranstid", "quellid", "eid", "ueid", "semester", "untergeord", "uebergeord", "txt", "zeitstempel") VALUES (NULL, '64088', NULL, '64088', '20112', '64088', '64070', 'Pflichtveranstaltungen', '2011-06-27 12:02:42.98');
INSERT INTO "learnweb_ueberschrift" ("veranstid", "quellid", "eid", "ueid", "semester", "untergeord", "uebergeord", "txt", "zeitstempel") VALUES (NULL, '60544', '9', '64936', '20121', '64936', '69495', 'Veranstaltungen f\1\1r das Lehramt Gym/Ges bzw. BK (LPO 2003) sowie das Lehramt SII und SI (LPO 1998), unter anderem zur Fachdidaktik der Mathematik und Informatik', '2011-09-28 11:15:25.667');
INSERT INTO "learnweb_ueberschrift" ("veranstid", "quellid", "eid", "ueid", "semester", "untergeord", "uebergeord", "txt", "zeitstempel") VALUES (NULL, '59970', '6', '64972', '20121', '64972', '69584', '2. Master-Studieng\1\1nge', '2011-09-28 11:15:26.391');
INSERT INTO "learnweb_ueberschrift" ("veranstid", "quellid", "eid", "ueid", "semester", "untergeord", "uebergeord", "txt", "zeitstempel") VALUES (NULL, '57775', NULL, '65045', '20121', '65045', '69495', 'Veranstaltungen f\1\1r den Master of Science Informatik', '2011-09-28 11:15:27.841');
INSERT INTO "learnweb_ueberschrift" ("veranstid", "quellid", "eid", "ueid", "semester", "untergeord", "uebergeord", "txt", "zeitstempel") VALUES (NULL, '59106', '6', '65296', '20121', '65296', '69584', '1. Bachelor-Studieng\1\1nge', '2011-09-28 11:15:32.882');
INSERT INTO "learnweb_ueberschrift" ("veranstid", "quellid", "eid", "ueid", "semester", "untergeord", "uebergeord", "txt", "zeitstempel") VALUES (NULL, '58066', NULL, '65323', '20121', '65323', '70188', 'Sch\1\1lervorlesungsverzeichnis', '2011-09-28 11:15:33.405');
INSERT INTO "learnweb_ueberschrift" ("veranstid", "quellid", "eid", "ueid", "semester", "untergeord", "uebergeord", "txt", "zeitstempel") VALUES (NULL, '61955', NULL, '65421', '20121', '65421', '69495', 'Veranstaltungen f\1\1r den 1-Fach-Bachelor Informatik', '2011-09-28 11:15:35.378');
INSERT INTO "learnweb_ueberschrift" ("veranstid", "quellid", "eid", "ueid", "semester", "untergeord", "uebergeord", "txt", "zeitstempel") VALUES (NULL, '57821', NULL, '65877', '20121', '65877', '69495', 'Veranstaltungen f\1\1r den 2-Fach-Bachelor Informatik (Modellversuch)', '2011-09-28 11:15:44.358');
INSERT INTO "learnweb_ueberschrift" ("veranstid", "quellid", "eid", "ueid", "semester", "untergeord", "uebergeord", "txt", "zeitstempel") VALUES (NULL, '57992', NULL, '66405', '20121', '66405', '69761', '3.2 Studiengang Geoinformatik Bachelor of Science', '2011-09-28 11:15:55.13');
INSERT INTO "learnweb_ueberschrift" ("veranstid", "quellid", "eid", "ueid", "semester", "untergeord", "uebergeord", "txt", "zeitstempel") VALUES (NULL, '64070', NULL, '67866', '20121', '67866', '69495', 'Veranstaltungen f\1\1r den 2-Fach-Bachelor Informatik (LABG 2009)', '2011-09-28 11:16:25.345');
INSERT INTO "learnweb_ueberschrift" ("veranstid", "quellid", "eid", "ueid", "semester", "untergeord", "uebergeord", "txt", "zeitstempel") VALUES (NULL, '61457', NULL, '68055', '20121', '68055', '69495', 'Veranstaltungen f\1\1r den 1-Fach-Bachelor Mathematik', '2011-09-28 11:16:29.623');
INSERT INTO "learnweb_ueberschrift" ("veranstid", "quellid", "eid", "ueid", "semester", "untergeord", "uebergeord", "txt", "zeitstempel") VALUES (NULL, '70848', '433', '70848', '20122', '70848', NULL, 'Lehrveranstaltungen', NULL);
INSERT INTO "learnweb_ueberschrift" ("veranstid", "quellid", "eid", "ueid", "semester", "untergeord", "uebergeord", "txt", "zeitstempel") VALUES (NULL, '71020', '433', '71020', '20131', '71020', NULL, 'Lehrveranstaltungen', NULL);
INSERT INTO "learnweb_ueberschrift" ("veranstid", "quellid", "eid", "ueid", "semester", "untergeord", "uebergeord", "txt", "zeitstempel") VALUES ('133863', '66656', '6', '71420', '20122', '71420', '77204', '1.3.1 Erstes Studienjahr', '2012-03-14 15:38:29.306');
INSERT INTO "learnweb_ueberschrift" ("veranstid", "quellid", "eid", "ueid", "semester", "untergeord", "uebergeord", "txt", "zeitstempel") VALUES (NULL, '68055', NULL, '71652', '20122', '71652', '77326', 'Veranstaltungen f\1\1r den 1-Fach-Bachelor Mathematik', '2012-03-14 15:38:36.793');
INSERT INTO "learnweb_ueberschrift" ("veranstid", "quellid", "eid", "ueid", "semester", "untergeord", "uebergeord", "txt", "zeitstempel") VALUES ('133672', '67295', NULL, '72026', '20122', '72026', '77071', '2.3.2 Process Management', '2012-03-14 15:38:48.518');
INSERT INTO "learnweb_ueberschrift" ("veranstid", "quellid", "eid", "ueid", "semester", "untergeord", "uebergeord", "txt", "zeitstempel") VALUES (NULL, '65877', NULL, '72960', '20122', '72960', '77326', 'Veranstaltungen f\1\1r den 2-Fach-Bachelor Informatik (Modellversuch)', '2012-03-14 15:39:18.101');
INSERT INTO "learnweb_ueberschrift" ("veranstid", "quellid", "eid", "ueid", "semester", "untergeord", "uebergeord", "txt", "zeitstempel") VALUES (NULL, '65045', NULL, '72970', '20122', '72970', '77326', 'Veranstaltungen f\1\1r den Master of Science Informatik', '2012-03-14 15:39:18.419');
INSERT INTO "learnweb_ueberschrift" ("veranstid", "quellid", "eid", "ueid", "semester", "untergeord", "uebergeord", "txt", "zeitstempel") VALUES ('138440', '65003', NULL, '73112', '20122', '73112', '77204', '1.3.4 Projektseminare und Vertiefungsmodule', '2012-03-14 15:39:23.132');
INSERT INTO "learnweb_ueberschrift" ("veranstid", "quellid", "eid", "ueid", "semester", "untergeord", "uebergeord", "txt", "zeitstempel") VALUES ('138442', '65003', NULL, '73112', '20122', '73112', '77204', '1.3.4 Projektseminare und Vertiefungsmodule', '2012-03-14 15:39:23.132');
INSERT INTO "learnweb_ueberschrift" ("veranstid", "quellid", "eid", "ueid", "semester", "untergeord", "uebergeord", "txt", "zeitstempel") VALUES (NULL, '65003', NULL, '73112', '20122', '73112', '77204', '1.3.4 Projektseminare und Vertiefungsmodule', '2012-03-14 15:39:23.132');
INSERT INTO "learnweb_ueberschrift" ("veranstid", "quellid", "eid", "ueid", "semester", "untergeord", "uebergeord", "txt", "zeitstempel") VALUES ('133664', '69153', '9', '74107', '20122', '74107', '77326', 'Vorlesungen und \1\1bungen in Informatik', '2012-03-14 15:39:55.144');
INSERT INTO "learnweb_ueberschrift" ("veranstid", "quellid", "eid", "ueid", "semester", "untergeord", "uebergeord", "txt", "zeitstempel") VALUES ('133672', '69153', '9', '74107', '20122', '74107', '77326', 'Vorlesungen und \1\1bungen in Informatik', '2012-03-14 15:39:55.144');
INSERT INTO "learnweb_ueberschrift" ("veranstid", "quellid", "eid", "ueid", "semester", "untergeord", "uebergeord", "txt", "zeitstempel") VALUES ('133750', '69153', '9', '74107', '20122', '74107', '77326', 'Vorlesungen und \1\1bungen in Informatik', '2012-03-14 15:39:55.144');
INSERT INTO "learnweb_ueberschrift" ("veranstid", "quellid", "eid", "ueid", "semester", "untergeord", "uebergeord", "txt", "zeitstempel") VALUES (NULL, '69153', '9', '74107', '20122', '74107', '77326', 'Vorlesungen und \1\1bungen in Informatik', '2012-03-14 15:39:55.144');
INSERT INTO "learnweb_ueberschrift" ("veranstid", "quellid", "eid", "ueid", "semester", "untergeord", "uebergeord", "txt", "zeitstempel") VALUES ('138673', '68553', NULL, '74176', '20122', '74176', '77071', '2.3.5 Seminar Electives', '2012-03-14 15:39:57.312');
INSERT INTO "learnweb_ueberschrift" ("veranstid", "quellid", "eid", "ueid", "semester", "untergeord", "uebergeord", "txt", "zeitstempel") VALUES (NULL, '68553', NULL, '74176', '20122', '74176', '77071', '2.3.5 Seminar Electives', '2012-03-14 15:39:57.312');
INSERT INTO "learnweb_ueberschrift" ("veranstid", "quellid", "eid", "ueid", "semester", "untergeord", "uebergeord", "txt", "zeitstempel") VALUES ('133664', '67777', NULL, '74300', '20122', '74300', '77204', '1.3.2 Zweites Studienjahr', '2012-03-14 15:40:01.308');
INSERT INTO "learnweb_ueberschrift" ("veranstid", "quellid", "eid", "ueid", "semester", "untergeord", "uebergeord", "txt", "zeitstempel") VALUES ('133750', '67777', NULL, '74300', '20122', '74300', '77204', '1.3.2 Zweites Studienjahr', '2012-03-14 15:40:01.308');
INSERT INTO "learnweb_ueberschrift" ("veranstid", "quellid", "eid", "ueid", "semester", "untergeord", "uebergeord", "txt", "zeitstempel") VALUES (NULL, '64972', '6', '74500', '20122', '74500', '77070', '2. Master-Studieng\1\1nge', '2012-03-14 15:40:08.92');
INSERT INTO "learnweb_ueberschrift" ("veranstid", "quellid", "eid", "ueid", "semester", "untergeord", "uebergeord", "txt", "zeitstempel") VALUES (NULL, '64936', '9', '74568', '20122', '74568', '77326', 'Veranstaltungen f\1\1r das Lehramt Gym/Ges bzw. BK (LPO 2003) sowie das Lehramt SII und SI (LPO 1998), unter anderem zur Fachdidaktik der Mathematik und Informatik', '2012-03-14 15:40:10.213');
INSERT INTO "learnweb_ueberschrift" ("veranstid", "quellid", "eid", "ueid", "semester", "untergeord", "uebergeord", "txt", "zeitstempel") VALUES (NULL, '67866', NULL, '74917', '20122', '74917', '77326', 'Veranstaltungen f\1\1r den 2-Fach-Bachelor Informatik (LABG 2009)', '2012-03-14 15:40:21.375');
INSERT INTO "learnweb_ueberschrift" ("veranstid", "quellid", "eid", "ueid", "semester", "untergeord", "uebergeord", "txt", "zeitstempel") VALUES ('133750', '67805', NULL, '75196', '20122', '75196', '76345', 'Informatik', '2012-03-14 15:40:30.454');
INSERT INTO "learnweb_ueberschrift" ("veranstid", "quellid", "eid", "ueid", "semester", "untergeord", "uebergeord", "txt", "zeitstempel") VALUES (NULL, '64858', NULL, '75210', '20122', '75210', '77784', '3.3.1 Studiengang Geoinformatics Master of Science (PO 2009)', '2012-10-10 14:27:51.904');
INSERT INTO "learnweb_ueberschrift" ("veranstid", "quellid", "eid", "ueid", "semester", "untergeord", "uebergeord", "txt", "zeitstempel") VALUES (NULL, '66405', NULL, '75329', '20122', '75329', '77784', '3.2 Studiengang Geoinformatik Bachelor of Science', '2012-03-14 15:40:34.964');
INSERT INTO "learnweb_ueberschrift" ("veranstid", "quellid", "eid", "ueid", "semester", "untergeord", "uebergeord", "txt", "zeitstempel") VALUES (NULL, '65421', NULL, '75682', '20122', '75682', '77326', 'Veranstaltungen f\1\1r den 1-Fach-Bachelor Informatik', '2012-03-14 15:40:46.549');
INSERT INTO "learnweb_ueberschrift" ("veranstid", "quellid", "eid", "ueid", "semester", "untergeord", "uebergeord", "txt", "zeitstempel") VALUES (NULL, '65323', NULL, '76120', '20122', '76120', '77291', 'Sch\1\1lervorlesungsverzeichnis', '2012-03-14 15:41:00.743');
INSERT INTO "learnweb_ueberschrift" ("veranstid", "quellid", "eid", "ueid", "semester", "untergeord", "uebergeord", "txt", "zeitstempel") VALUES ('133750', '62361', '9', '76301', '20122', '76301', '74568', 'Informatik', '2012-03-14 16:16:07.333');
INSERT INTO "learnweb_ueberschrift" ("veranstid", "quellid", "eid", "ueid", "semester", "untergeord", "uebergeord", "txt", "zeitstempel") VALUES ('133664', '59494', NULL, '76308', '20122', '76308', '75329', 'Modul Informatik 2', '2012-03-14 16:16:07.543');
INSERT INTO "learnweb_ueberschrift" ("veranstid", "quellid", "eid", "ueid", "semester", "untergeord", "uebergeord", "txt", "zeitstempel") VALUES ('133750', '59494', NULL, '76308', '20122', '76308', '75329', 'Modul Informatik 2', '2012-03-14 16:16:07.543');
INSERT INTO "learnweb_ueberschrift" ("veranstid", "quellid", "eid", "ueid", "semester", "untergeord", "uebergeord", "txt", "zeitstempel") VALUES (NULL, '62348', NULL, '76345', '20122', '76345', '76120', 'Mathematisch-Naturwissenschaftliche Fakult\1\1t', '2012-03-14 16:16:08.702');
INSERT INTO "learnweb_ueberschrift" ("veranstid", "quellid", "eid", "ueid", "semester", "untergeord", "uebergeord", "txt", "zeitstempel") VALUES ('133664', '64088', NULL, '76911', '20122', '76911', '74917', 'Pflichtveranstaltungen', '2012-03-14 16:16:26.759');
INSERT INTO "learnweb_ueberschrift" ("veranstid", "quellid", "eid", "ueid", "semester", "untergeord", "uebergeord", "txt", "zeitstempel") VALUES ('133750', '64088', NULL, '76911', '20122', '76911', '74917', 'Pflichtveranstaltungen', '2012-03-14 16:16:26.759');
INSERT INTO "learnweb_ueberschrift" ("veranstid", "quellid", "eid", "ueid", "semester", "untergeord", "uebergeord", "txt", "zeitstempel") VALUES ('133672', '63201', NULL, '77064', '20122', '77064', '72970', 'Vorlesungen', '2012-03-14 16:16:31.834');
INSERT INTO "learnweb_ueberschrift" ("veranstid", "quellid", "eid", "ueid", "semester", "untergeord", "uebergeord", "txt", "zeitstempel") VALUES (NULL, '62562', '6', '77070', '20122', '77070', '70848', 'Wirtschaftswissenschaften', '2012-03-14 16:16:32.12');
INSERT INTO "learnweb_ueberschrift" ("veranstid", "quellid", "eid", "ueid", "semester", "untergeord", "uebergeord", "txt", "zeitstempel") VALUES (NULL, '63216', '6', '77071', '20122', '77071', '74500', '2.3 Information Systems', '2012-03-14 16:16:32.58');
INSERT INTO "learnweb_ueberschrift" ("veranstid", "quellid", "eid", "ueid", "semester", "untergeord", "uebergeord", "txt", "zeitstempel") VALUES (NULL, '62511', '6', '77204', '20122', '77204', '71610', '1.3 Wirtschaftsinformatik', '2012-03-14 16:16:36.34');
INSERT INTO "learnweb_ueberschrift" ("veranstid", "quellid", "eid", "ueid", "semester", "untergeord", "uebergeord", "txt", "zeitstempel") VALUES (NULL, '62680', NULL, '77291', '20122', '77291', '70848', 'Sondervorlesungsverzeichnisse', '2012-03-14 16:16:39.174');
INSERT INTO "learnweb_ueberschrift" ("veranstid", "quellid", "eid", "ueid", "semester", "untergeord", "uebergeord", "txt", "zeitstempel") VALUES (NULL, '62194', '9', '77326', '20122', '77326', '70848', 'Mathematik und Informatik', '2012-03-14 16:16:40.309');
INSERT INTO "learnweb_ueberschrift" ("veranstid", "quellid", "eid", "ueid", "semester", "untergeord", "uebergeord", "txt", "zeitstempel") VALUES ('133664', '63278', NULL, '77398', '20122', '77398', '71652', 'Sonstige', '2012-03-14 16:16:42.531');
INSERT INTO "learnweb_ueberschrift" ("veranstid", "quellid", "eid", "ueid", "semester", "untergeord", "uebergeord", "txt", "zeitstempel") VALUES ('133750', '63278', NULL, '77398', '20122', '77398', '71652', 'Sonstige', '2012-03-14 16:16:42.531');
INSERT INTO "learnweb_ueberschrift" ("veranstid", "quellid", "eid", "ueid", "semester", "untergeord", "uebergeord", "txt", "zeitstempel") VALUES ('133664', '63195', NULL, '77683', '20122', '77683', '75682', 'Vorlesungen', '2012-03-14 16:16:51.655');
INSERT INTO "learnweb_ueberschrift" ("veranstid", "quellid", "eid", "ueid", "semester", "untergeord", "uebergeord", "txt", "zeitstempel") VALUES ('133750', '63195', NULL, '77683', '20122', '77683', '75682', 'Vorlesungen', '2012-03-14 16:16:51.655');
INSERT INTO "learnweb_ueberschrift" ("veranstid", "quellid", "eid", "ueid", "semester", "untergeord", "uebergeord", "txt", "zeitstempel") VALUES ('133664', '63169', NULL, '77767', '20122', '77767', '72960', 'Vorlesungen', '2012-03-14 16:16:54.298');
INSERT INTO "learnweb_ueberschrift" ("veranstid", "quellid", "eid", "ueid", "semester", "untergeord", "uebergeord", "txt", "zeitstempel") VALUES ('133750', '63169', NULL, '77767', '20122', '77767', '72960', 'Vorlesungen', '2012-03-14 16:16:54.298');
INSERT INTO "learnweb_ueberschrift" ("veranstid", "quellid", "eid", "ueid", "semester", "untergeord", "uebergeord", "txt", "zeitstempel") VALUES (NULL, '62729', '17', '77784', '20122', '77784', '70848', 'Geowissenschaften', '2012-03-14 16:16:54.808');
INSERT INTO "learnweb_ueberschrift" ("veranstid", "quellid", "eid", "ueid", "semester", "untergeord", "uebergeord", "txt", "zeitstempel") VALUES (NULL, '74500', '6', '79638', '20131', '79638', '84394', '2. Master-Studieng\1\1nge', '2012-08-31 14:13:12.602');
INSERT INTO "learnweb_ueberschrift" ("veranstid", "quellid", "eid", "ueid", "semester", "untergeord", "uebergeord", "txt", "zeitstempel") VALUES (NULL, '71610', '6', '80968', '20131', '80968', '84394', '1. Bachelor-Studieng\1\1nge', '2012-08-31 14:14:04.36');
INSERT INTO "learnweb_ueberschrift" ("veranstid", "quellid", "eid", "ueid", "semester", "untergeord", "uebergeord", "txt", "zeitstempel") VALUES ('151092', '74176', NULL, '81845', '20131', '81845', '83958', '2.3.5 Seminar Electives', '2012-08-31 14:14:38.167');
INSERT INTO "learnweb_ueberschrift" ("veranstid", "quellid", "eid", "ueid", "semester", "untergeord", "uebergeord", "txt", "zeitstempel") VALUES ('148253', '74147', NULL, '81952', '20131', '81952', '83958', '2.3.3 Business Networks', '2012-08-31 14:14:42.485');
INSERT INTO "learnweb_ueberschrift" ("veranstid", "quellid", "eid", "ueid", "semester", "untergeord", "uebergeord", "txt", "zeitstempel") VALUES (NULL, '75210', NULL, '82021', '20131', '82021', '84743', '3.3 Studiengang Geoinformatics Master of Science (PO 09)', '2012-11-29 09:09:26.277');
INSERT INTO "learnweb_ueberschrift" ("veranstid", "quellid", "eid", "ueid", "semester", "untergeord", "uebergeord", "txt", "zeitstempel") VALUES ('148253', '74107', '9', '82377', '20131', '82377', '84967', 'Vorlesungen und \1\1bungen in Informatik', '2012-08-31 14:14:58.626');
INSERT INTO "learnweb_ueberschrift" ("veranstid", "quellid", "eid", "ueid", "semester", "untergeord", "uebergeord", "txt", "zeitstempel") VALUES ('151084', '73112', NULL, '82690', '20131', '82690', '84981', '1.3.4 Projektseminare und Vertiefungsmodule', '2012-08-31 14:15:10.445');
INSERT INTO "learnweb_ueberschrift" ("veranstid", "quellid", "eid", "ueid", "semester", "untergeord", "uebergeord", "txt", "zeitstempel") VALUES (NULL, '70030', '6', '83958', '20131', '83958', '79638', '2.3 Information Systems', '2012-08-31 14:53:00.4');
INSERT INTO "learnweb_ueberschrift" ("veranstid", "quellid", "eid", "ueid", "semester", "untergeord", "uebergeord", "txt", "zeitstempel") VALUES ('148253', '69864', NULL, '83971', '20131', '83971', '82021', 'Advanced Topics in Computer Science', '2012-08-31 14:53:00.873');
INSERT INTO "learnweb_ueberschrift" ("veranstid", "quellid", "eid", "ueid", "semester", "untergeord", "uebergeord", "txt", "zeitstempel") VALUES (NULL, '69584', '6', '84394', '20131', '84394', '71020', 'Wirtschaftswissenschaften', '2012-08-31 14:53:17.57');
INSERT INTO "learnweb_ueberschrift" ("veranstid", "quellid", "eid", "ueid", "semester", "untergeord", "uebergeord", "txt", "zeitstempel") VALUES (NULL, '69761', '17', '84743', '20131', '84743', '71020', 'Geowissenschaften', '2012-08-31 14:53:30.42');
INSERT INTO "learnweb_ueberschrift" ("veranstid", "quellid", "eid", "ueid", "semester", "untergeord", "uebergeord", "txt", "zeitstempel") VALUES (NULL, '69495', '9', '84967', '20131', '84967', '71020', 'Mathematik und Informatik', '2012-08-31 14:53:39.241');
INSERT INTO "learnweb_ueberschrift" ("veranstid", "quellid", "eid", "ueid", "semester", "untergeord", "uebergeord", "txt", "zeitstempel") VALUES (NULL, '70366', '6', '84981', '20131', '84981', '80968', '1.3 Wirtschaftsinformatik', '2012-08-31 14:53:39.84');


CREATE TABLE "public"."learnweb_veranst_kommentar" (
    "veranstid" integer,
    "kommentar" text,
    "sprache" character(2)
) WITHOUT OIDS;

INSERT INTO "learnweb_veranst_kommentar" ("veranstid", "kommentar", "sprache") VALUES ('133863', '<p>Im WS2012/2013 wird die Vorlesung "Einf&uuml;hrung in die Wirtschaftsinformatik" als Ringvorlesung angeboten. S&auml;mtliche am Institut f&uuml;r Wirtschaftsinformatik t&auml;tigen Professoren (Professoren Becker,&nbsp;Hellingrath,&nbsp;Klein,&nbsp;Kuchen, M&uuml;ller-Funk, Vossen), Juniorprofessoren (Professoren B&ouml;hme und Stieglitz) sowie Prof. em. Grob und Dr. Reepmeyer werden ihren jeweiligen Themenbereich in einer Veranstaltung vorstellen. Dr. Stein wird gemeinsam mit Frau Malsbender den Rahmen der Veranstaltung gestalten und eine begleitende Fallstudie besprechen.</p>\n<p>Am Ende der Veranstaltung werden die grundlegenden Ans&auml;tze und Ideen der verschiedenen Bereiche in einer 60min&uuml;tigen Klausur abgefragt. Die Veranstaltung wird &uuml;ber das Learnweb begleitet: https://www.uni-muenster.de/LearnWeb/learnweb2/course/view.php?id=6109.</p>', 'de');
INSERT INTO "learnweb_veranst_kommentar" ("veranstid", "kommentar", "sprache") VALUES ('133863', '<p>In the lecture, an overwiew over methods and the economic impact of information science is given from different IS perspectives.</p>', 'en');
INSERT INTO "learnweb_veranst_kommentar" ("veranstid", "kommentar", "sprache") VALUES ('133672', '<p>This course teaches the concepts of Model-driven Software Development (MDSD) and provides necessary theoretical background. MDSD uses models as the main artifact of the development process, from which significant parts of a system are derived automatically. Models do not only serve as documentation, but actually&nbsp;<em>are code</em>. Besides the foundations of MDSD, the lecture deals with Domain-specific Languages (DSLs) as well as model-to-model and model-to-text-transformations.</p>\n<p>A practical course accompanies the lectures. It consists of several assignments to be solved in teams. The assignments apply the concepts from the lecture to practical scenarios.</p>', 'en');
INSERT INTO "learnweb_veranst_kommentar" ("veranstid", "kommentar", "sprache") VALUES ('133672', '<p>This course teaches the concepts of Model-driven Software Development (MDSD) and provides necessary theoretical background. MDSD uses models as the main artifact of the development process, from which significant parts of a system are derived automatically. Models do not only serve as documentation, but actually&nbsp;<em>are code</em>. Besides the foundations of MDSD, the lecture deals with Domain-specific Languages (DSLs) as well as model-to-model and model-to-text-transformations.</p>\n<p>A practical course accompanies the lectures. It consists of several assignments to be solved in teams. The assignments apply the concepts from the lecture to practical scenarios.</p>', 'de');
INSERT INTO "learnweb_veranst_kommentar" ("veranstid", "kommentar", "sprache") VALUES ('133750', 'Die Vorlesung f\1\1hrt in grundlegende Themen des Softwareengineering ein. Behandelt werden u.a.:\nSoftware-Management, Prozessmodelle f\1\1r die Software-Entwicklung (u.a. Wasserfall-Modell, Spiralmodell, Extreme Programming), Planungsphase, Basiskonzepte der Software-Modellierung (u.a. UML), Definitionsphase (OOA), Entwurf (u.a. Entwurfsmuster), Implementierung, Testen, Wiederverwendung.', 'de');
INSERT INTO "learnweb_veranst_kommentar" ("veranstid", "kommentar", "sprache") VALUES ('133750', 'This lecture dicusses the phases planning, definition (incl. UML and OOA), design (incl. design patterns), implementation, and testing of the software-engineering life cycle. Moreover software-development processes are presented. Every 14 days, exercises will be solved, which deepen the understanding of the material explained in the lecture.\n\nThis course is taught in German.', 'en');


CREATE TABLE "public"."learnweb_veranstaltung" (
    "veranstid" integer,
    "semester" integer,
    "semestertxt" character(12),
    "urlveranst" text,
    "veranstnr" character(20),
    "titel" character varying(255),
    "veranstaltungsart" character varying(255),
    "zeitstempel" timestamp without time zone,
    "kommentar" character varying(255)
) WITHOUT OIDS;

INSERT INTO "learnweb_veranstaltung" ("veranstid", "semester", "semestertxt", "urlveranst", "veranstnr", "titel", "veranstaltungsart", "zeitstempel", "kommentar") VALUES ('133863', '20122', 'WS 2012/13  ', 'http://uvlsf.uni-muenster.de/qisserver/rds?state=verpublish&status=init&vmfile=no&moduleCall=webInfo&publishConfFile=webInfo&publishSubDir=veranstaltung&publishid=133863', '043002              ', 'Einf\1\1hrung in die Wirtschaftsinformatik', 'Vorlesung', '2012-10-31 08:51:27.364', NULL);
INSERT INTO "learnweb_veranstaltung" ("veranstid", "semester", "semestertxt", "urlveranst", "veranstnr", "titel", "veranstaltungsart", "zeitstempel", "kommentar") VALUES ('133672', '20122', 'WS 2012/13  ', 'http://uvlsf.uni-muenster.de/qisserver/rds?state=verpublish&status=init&vmfile=no&moduleCall=webInfo&publishConfFile=webInfo&publishSubDir=veranstaltung&publishid=133672', '043347              ', 'Model Driven Software Development', 'Vorlesung', '2012-05-10 13:45:08.105', NULL);
INSERT INTO "learnweb_veranstaltung" ("veranstid", "semester", "semestertxt", "urlveranst", "veranstnr", "titel", "veranstaltungsart", "zeitstempel", "kommentar") VALUES ('133750', '20122', 'WS 2012/13  ', 'http://uvlsf.uni-muenster.de/qisserver/rds?state=verpublish&status=init&vmfile=no&moduleCall=webInfo&publishConfFile=webInfo&publishSubDir=veranstaltung&publishid=133750', '043021              ', 'Software Engineering', 'Vorlesung', '2012-05-30 15:19:23.314', NULL);
INSERT INTO "learnweb_veranstaltung" ("veranstid", "semester", "semestertxt", "urlveranst", "veranstnr", "titel", "veranstaltungsart", "zeitstempel", "kommentar") VALUES ('148253', '20131', 'SS 2013     ', 'http://uvlsf.uni-muenster.de/qisserver/rds?state=verpublish&status=init&vmfile=no&moduleCall=webInfo&publishConfFile=webInfo&publishSubDir=veranstaltung&publishid=148253', '043350              ', 'Enterprise Application Integration', 'Vorlesung', '2012-11-13 10:36:07.348', NULL);
INSERT INTO "learnweb_veranstaltung" ("veranstid", "semester", "semestertxt", "urlveranst", "veranstnr", "titel", "veranstaltungsart", "zeitstempel", "kommentar") VALUES ('151084', '20131', 'SS 2013     ', 'http://uvlsf.uni-muenster.de/qisserver/rds?state=verpublish&status=init&vmfile=no&moduleCall=webInfo&publishConfFile=webInfo&publishSubDir=veranstaltung&publishid=151084', '043603              ', 'Vorlesung Informatik: Mainframe Computing', 'Vorlesung', '2013-01-29 14:46:31.107', NULL);
INSERT INTO "learnweb_veranstaltung" ("veranstid", "semester", "semestertxt", "urlveranst", "veranstnr", "titel", "veranstaltungsart", "zeitstempel", "kommentar") VALUES ('138673', '20122', 'WS 2012/13  ', 'http://uvlsf.uni-muenster.de/qisserver/rds?state=verpublish&status=init&vmfile=no&moduleCall=webInfo&publishConfFile=webInfo&publishSubDir=veranstaltung&publishid=138673', '043404              ', 'Seminar: Parallel Programming', 'Seminar', '2012-07-01 12:49:01.621', NULL);
INSERT INTO "learnweb_veranstaltung" ("veranstid", "semester", "semestertxt", "urlveranst", "veranstnr", "titel", "veranstaltungsart", "zeitstempel", "kommentar") VALUES ('151092', '20131', 'SS 2013     ', 'http://uvlsf.uni-muenster.de/qisserver/rds?state=verpublish&status=init&vmfile=no&moduleCall=webInfo&publishConfFile=webInfo&publishSubDir=veranstaltung&publishid=151092', '043656              ', 'Seminar Graph Algorithms', 'Seminar', '2013-01-29 15:18:56.761', NULL);
INSERT INTO "learnweb_veranstaltung" ("veranstid", "semester", "semestertxt", "urlveranst", "veranstnr", "titel", "veranstaltungsart", "zeitstempel", "kommentar") VALUES ('133664', '20122', 'WS 2012/13  ', 'http://uvlsf.uni-muenster.de/qisserver/rds?state=verpublish&status=init&vmfile=no&moduleCall=webInfo&publishConfFile=webInfo&publishSubDir=veranstaltung&publishid=133664', '043036              ', '\1\1bung zum Software Engineering', '\1\1bung', '2012-07-09 10:30:27.19', NULL);
INSERT INTO "learnweb_veranstaltung" ("veranstid", "semester", "semestertxt", "urlveranst", "veranstnr", "titel", "veranstaltungsart", "zeitstempel", "kommentar") VALUES ('138440', '20122', 'WS 2012/13  ', 'http://uvlsf.uni-muenster.de/qisserver/rds?state=verpublish&status=init&vmfile=no&moduleCall=webInfo&publishConfFile=webInfo&publishSubDir=veranstaltung&publishid=138440', '043131              ', 'VM Informatik: Visualisierung', 'Vertiefung', '2012-06-21 18:47:24.398', NULL);
INSERT INTO "learnweb_veranstaltung" ("veranstid", "semester", "semestertxt", "urlveranst", "veranstnr", "titel", "veranstaltungsart", "zeitstempel", "kommentar") VALUES ('138442', '20122', 'WS 2012/13  ', 'http://uvlsf.uni-muenster.de/qisserver/rds?state=verpublish&status=init&vmfile=no&moduleCall=webInfo&publishConfFile=webInfo&publishSubDir=veranstaltung&publishid=138442', '043146              ', 'VM WI: Visualisierung', 'Vertiefung', '2012-06-21 19:09:14.692', NULL);
