'uebergeord';'untergeord';'semester';'zeitstempel';'ueid';'eid';'txt';'quellid';'veranstid'
62194;57775;20112;'2011-03-03 09:59:12.977';57775;;'Veranstaltungen für den Master of Science Informatik';57775;
62194;57821;20112;'2011-06-27 11:17:47.288';57821;;'Veranstaltungen für den 2-Fach-Bachelor Informatik (Modellversuch)';57821;
62729;57992;20112;'2011-03-03 09:59:17.521';57992;;'3.2 Studiengang Geoinformatik Bachelor of Science';57992;
62680;58066;20112;'2011-03-03 09:59:18.979';58066;;'Schülervorlesungsverzeichnis';58066;
62562;59106;20112;'2011-03-03 09:59:39.421';59106;6;'1. Bachelor-Studiengänge';59106;
57992;59494;20112;'2011-03-03 09:59:47.143';59494;;'Modul Informatik 2';59494;
62562;59970;20112;'2011-03-03 09:59:56.346';59970;6;'2. Master-Studiengänge';59970;
62194;60544;20112;'2011-06-27 11:49:51.794';60544;9;'Veranstaltungen für das Lehramt Gym/Ges bzw. BK (LPO 2003) sowie das Lehramt SII und SI (LPO 1998), unter anderem zur Fachdidaktik der Mathematik und Informatik';60544;
62194;61457;20112;'2011-03-03 10:00:25.57';61457;;'Veranstaltungen für den 1-Fach-Bachelor Mathematik';61457;
62194;61955;20112;'2011-03-03 10:00:35.441';61955;;'Veranstaltungen für den 1-Fach-Bachelor Informatik';61955;
57468;62194;20112;'2011-03-03 10:24:47.246';62194;9;'Mathematik und Informatik';62194;
58066;62348;20112;'2011-03-03 10:24:50.125';62348;;'Mathematisch-Naturwissenschaftliche Fakultät';62348;
60544;62361;20112;'2011-03-03 10:24:50.364';62361;9;'Informatik';62361;
59106;62511;20112;'2011-03-03 10:24:53.181';62511;6;'1.3 Wirtschaftsinformatik';62511;
57468;62562;20112;'2011-03-03 10:24:54.18';62562;6;'Wirtschaftswissenschaften';62562;
57468;62680;20112;'2011-03-03 10:24:56.533';62680;;'Sondervorlesungsverzeichnisse';62680;
57468;62729;20112;'2011-03-03 10:24:57.565';62729;17;'Geowissenschaften';62729;
57821;63169;20112;'2011-03-03 10:25:06.434';63169;;'Vorlesungen';63169;
61955;63195;20112;'2011-03-03 10:25:06.987';63195;;'Vorlesungen';63195;
57775;63201;20112;'2011-03-03 10:25:07.108';63201;;'Vorlesungen';63201;
59970;63216;20112;'2011-03-03 10:25:07.399';63216;6;'2.3 Information Systems';63216;
61457;63278;20112;'2011-03-03 10:25:08.541';63278;;'Sonstige';63278;
69761;64858;20121;'2011-09-28 11:15:23.912';64858;;'3.3 Studiengang Geoinformatics Master of Science';64858;
70366;65003;20121;'2011-09-28 11:15:26.986';65003;;'1.3.4 Projektseminare und Vertiefungsmodule';65003;
70366;66656;20121;'2011-09-28 11:16:00.305';66656;6;'1.3.1 Erstes Studienjahr';66656;
70030;67295;20121;'2011-09-28 11:16:13.91';67295;;'2.3.2 Process Management';67295;
70366;67777;20121;'2011-09-28 11:16:23.498';67777;;'1.3.2 Zweites Studienjahr';67777;
69877;67805;20121;'2011-09-28 11:16:24.74';67805;;'Informatik';67805;
70030;68553;20121;'2011-09-28 11:16:40.485';68553;;'2.3.5 Seminar Electives';68553;
69495;69153;20121;'2011-09-28 11:16:53.147';69153;9;'Vorlesungen und Übungen in Informatik';69153;
63933;69495;20121;'2011-09-28 11:43:55.187';69495;9;'Mathematik und Informatik';62194;
63933;69584;20121;'2011-09-28 11:43:56.89';69584;6;'Wirtschaftswissenschaften';62562;
63933;69761;20121;'2011-09-28 11:44:00.567';69761;17;'Geowissenschaften';62729;
64858;69864;20121;'2011-09-28 11:44:02.618';69864;;'Advanced Topics in Computer Science';69864;
65323;69877;20121;'2011-09-28 11:44:02.851';69877;;'Mathematisch-Naturwissenschaftliche Fakultät';62348;
64972;70030;20121;'2011-09-28 11:44:06.18';70030;6;'2.3 Information Systems';63216;
63933;70188;20121;'2011-09-28 11:44:08.981';70188;;'Sondervorlesungsverzeichnisse';62680;
65296;70366;20121;'2011-09-28 11:44:12.599';70366;6;'1.3 Wirtschaftsinformatik';62511;
77070;71610;20122;'2012-03-14 15:38:35.479';71610;6;'1. Bachelor-Studiengänge';59106;
77071;74147;20122;'2012-03-14 15:39:56.46';74147;;'2.3.3 Business Networks';74147;
;57468;20112;'';57468;433;'Lehrveranstaltungen';57468;
;63933;20121;'';63933;433;'Lehrveranstaltungen';63933;
62194;64070;20112;'2011-06-27 11:19:00.776';64070;;'Veranstaltungen für den 2-Fach-Bachelor Informatik (LABG 2009)';64070;
64070;64088;20112;'2011-06-27 12:02:42.98';64088;;'Pflichtveranstaltungen';64088;
69495;64936;20121;'2011-09-28 11:15:25.667';64936;9;'Veranstaltungen für das Lehramt Gym/Ges bzw. BK (LPO 2003) sowie das Lehramt SII und SI (LPO 1998), unter anderem zur Fachdidaktik der Mathematik und Informatik';60544;
69584;64972;20121;'2011-09-28 11:15:26.391';64972;6;'2. Master-Studiengänge';59970;
69495;65045;20121;'2011-09-28 11:15:27.841';65045;;'Veranstaltungen für den Master of Science Informatik';57775;
69584;65296;20121;'2011-09-28 11:15:32.882';65296;6;'1. Bachelor-Studiengänge';59106;
70188;65323;20121;'2011-09-28 11:15:33.405';65323;;'Schülervorlesungsverzeichnis';58066;
69495;65421;20121;'2011-09-28 11:15:35.378';65421;;'Veranstaltungen für den 1-Fach-Bachelor Informatik';61955;
69495;65877;20121;'2011-09-28 11:15:44.358';65877;;'Veranstaltungen für den 2-Fach-Bachelor Informatik (Modellversuch)';57821;
69761;66405;20121;'2011-09-28 11:15:55.13';66405;;'3.2 Studiengang Geoinformatik Bachelor of Science';57992;
69495;67866;20121;'2011-09-28 11:16:25.345';67866;;'Veranstaltungen für den 2-Fach-Bachelor Informatik (LABG 2009)';64070;
69495;68055;20121;'2011-09-28 11:16:29.623';68055;;'Veranstaltungen für den 1-Fach-Bachelor Mathematik';61457;
;70848;20122;'';70848;433;'Lehrveranstaltungen';70848;
;71020;20131;'';71020;433;'Lehrveranstaltungen';71020;
77204;71420;20122;'2012-03-14 15:38:29.306';71420;6;'1.3.1 Erstes Studienjahr';66656;133863
77326;71652;20122;'2012-03-14 15:38:36.793';71652;;'Veranstaltungen für den 1-Fach-Bachelor Mathematik';68055;
77071;72026;20122;'2012-03-14 15:38:48.518';72026;;'2.3.2 Process Management';67295;133672
77326;72960;20122;'2012-03-14 15:39:18.101';72960;;'Veranstaltungen für den 2-Fach-Bachelor Informatik (Modellversuch)';65877;
77326;72970;20122;'2012-03-14 15:39:18.419';72970;;'Veranstaltungen für den Master of Science Informatik';65045;
77204;73112;20122;'2012-03-14 15:39:23.132';73112;;'1.3.4 Projektseminare und Vertiefungsmodule';65003;138440
77204;73112;20122;'2012-03-14 15:39:23.132';73112;;'1.3.4 Projektseminare und Vertiefungsmodule';65003;138442
77204;73112;20122;'2012-03-14 15:39:23.132';73112;;'1.3.4 Projektseminare und Vertiefungsmodule';65003;
77326;74107;20122;'2012-03-14 15:39:55.144';74107;9;'Vorlesungen und Übungen in Informatik';69153;133664
77326;74107;20122;'2012-03-14 15:39:55.144';74107;9;'Vorlesungen und Übungen in Informatik';69153;133672
77326;74107;20122;'2012-03-14 15:39:55.144';74107;9;'Vorlesungen und Übungen in Informatik';69153;133750
77326;74107;20122;'2012-03-14 15:39:55.144';74107;9;'Vorlesungen und Übungen in Informatik';69153;
77071;74176;20122;'2012-03-14 15:39:57.312';74176;;'2.3.5 Seminar Electives';68553;138673
77071;74176;20122;'2012-03-14 15:39:57.312';74176;;'2.3.5 Seminar Electives';68553;
77204;74300;20122;'2012-03-14 15:40:01.308';74300;;'1.3.2 Zweites Studienjahr';67777;133664
77204;74300;20122;'2012-03-14 15:40:01.308';74300;;'1.3.2 Zweites Studienjahr';67777;133750
77070;74500;20122;'2012-03-14 15:40:08.92';74500;6;'2. Master-Studiengänge';64972;
77326;74568;20122;'2012-03-14 15:40:10.213';74568;9;'Veranstaltungen für das Lehramt Gym/Ges bzw. BK (LPO 2003) sowie das Lehramt SII und SI (LPO 1998), unter anderem zur Fachdidaktik der Mathematik und Informatik';64936;
77326;74917;20122;'2012-03-14 15:40:21.375';74917;;'Veranstaltungen für den 2-Fach-Bachelor Informatik (LABG 2009)';67866;
76345;75196;20122;'2012-03-14 15:40:30.454';75196;;'Informatik';67805;133750
77784;75210;20122;'2012-10-10 14:27:51.904';75210;;'3.3.1 Studiengang Geoinformatics Master of Science (PO 2009)';64858;
77784;75329;20122;'2012-03-14 15:40:34.964';75329;;'3.2 Studiengang Geoinformatik Bachelor of Science';66405;
77326;75682;20122;'2012-03-14 15:40:46.549';75682;;'Veranstaltungen für den 1-Fach-Bachelor Informatik';65421;
77291;76120;20122;'2012-03-14 15:41:00.743';76120;;'Schülervorlesungsverzeichnis';65323;
74568;76301;20122;'2012-03-14 16:16:07.333';76301;9;'Informatik';62361;133750
75329;76308;20122;'2012-03-14 16:16:07.543';76308;;'Modul Informatik 2';59494;133664
75329;76308;20122;'2012-03-14 16:16:07.543';76308;;'Modul Informatik 2';59494;133750
76120;76345;20122;'2012-03-14 16:16:08.702';76345;;'Mathematisch-Naturwissenschaftliche Fakultät';62348;
74917;76911;20122;'2012-03-14 16:16:26.759';76911;;'Pflichtveranstaltungen';64088;133664
74917;76911;20122;'2012-03-14 16:16:26.759';76911;;'Pflichtveranstaltungen';64088;133750
72970;77064;20122;'2012-03-14 16:16:31.834';77064;;'Vorlesungen';63201;133672
70848;77070;20122;'2012-03-14 16:16:32.12';77070;6;'Wirtschaftswissenschaften';62562;
74500;77071;20122;'2012-03-14 16:16:32.58';77071;6;'2.3 Information Systems';63216;
71610;77204;20122;'2012-03-14 16:16:36.34';77204;6;'1.3 Wirtschaftsinformatik';62511;
70848;77291;20122;'2012-03-14 16:16:39.174';77291;;'Sondervorlesungsverzeichnisse';62680;
70848;77326;20122;'2012-03-14 16:16:40.309';77326;9;'Mathematik und Informatik';62194;
71652;77398;20122;'2012-03-14 16:16:42.531';77398;;'Sonstige';63278;133664
71652;77398;20122;'2012-03-14 16:16:42.531';77398;;'Sonstige';63278;133750
75682;77683;20122;'2012-03-14 16:16:51.655';77683;;'Vorlesungen';63195;133664
75682;77683;20122;'2012-03-14 16:16:51.655';77683;;'Vorlesungen';63195;133750
72960;77767;20122;'2012-03-14 16:16:54.298';77767;;'Vorlesungen';63169;133664
72960;77767;20122;'2012-03-14 16:16:54.298';77767;;'Vorlesungen';63169;133750
70848;77784;20122;'2012-03-14 16:16:54.808';77784;17;'Geowissenschaften';62729;
84394;79638;20131;'2012-08-31 14:13:12.602';79638;6;'2. Master-Studiengänge';74500;
84394;80968;20131;'2012-08-31 14:14:04.36';80968;6;'1. Bachelor-Studiengänge';71610;
83958;81845;20131;'2012-08-31 14:14:38.167';81845;;'2.3.5 Seminar Electives';74176;151092
83958;81952;20131;'2012-08-31 14:14:42.485';81952;;'2.3.3 Business Networks';74147;148253
84743;82021;20131;'2012-11-29 09:09:26.277';82021;;'3.3 Studiengang Geoinformatics Master of Science (PO 09)';75210;
84967;82377;20131;'2012-08-31 14:14:58.626';82377;9;'Vorlesungen und Übungen in Informatik';74107;148253
84981;82690;20131;'2012-08-31 14:15:10.445';82690;;'1.3.4 Projektseminare und Vertiefungsmodule';73112;151084
79638;83958;20131;'2012-08-31 14:53:00.40';83958;6;'2.3 Information Systems';70030;
82021;83971;20131;'2012-08-31 14:53:00.873';83971;;'Advanced Topics in Computer Science';69864;148253
71020;84394;20131;'2012-08-31 14:53:17.57';84394;6;'Wirtschaftswissenschaften';69584;
71020;84743;20131;'2012-08-31 14:53:30.42';84743;17;'Geowissenschaften';69761;
71020;84967;20131;'2012-08-31 14:53:39.241';84967;9;'Mathematik und Informatik';69495;
80968;84981;20131;'2012-08-31 14:53:39.84';84981;6;'1.3 Wirtschaftsinformatik';70366;
