'veranstid';'pid';'sort';'zustaendigkeit'
138442;21455;11;'begleitend'
138440;21455;11;'begleitend'
151092;21455;;'verantwort'
138673;21455;20;'begleitend'
138442;4452;9;'verantwort'
138440;4452;9;'verantwort'
133672;4452;10;'verantwort'
133664;4452;;'verantwort'
133750;4452;10;'verantwort'
133863;4452;40;'begleitend'
148253;4452;10;'verantwort'
151084;4452;;'verantwort'
151092;4452;;'verantwort'
138673;4452;10;'verantwort'
133664;23415;;'begleitend'
133750;23415;15;'begleitend'
148253;23415;30;'begleitend'
