'veranstid';'veranstnr';'semester';'semestertxt';'veranstaltungsart';'titel';'zeitstempel';'urlveranst'
133863;'043002              ';20122;'WS 2012/13  ';'Vorlesung';'Einführung in die Wirtschaftsinformatik';'2012-10-31 08:51:27.364';'http://uvlsf.uni-muenster.de/qisserver/rds?state=verpublish&status=init&vmfile=no&moduleCall=webInfo&publishConfFile=webInfo&publishSubDir=veranstaltung&publishid=133863'
133672;'043347              ';20122;'WS 2012/13  ';'Vorlesung';'Model Driven Software Development';'2012-05-10 13:45:08.105';'http://uvlsf.uni-muenster.de/qisserver/rds?state=verpublish&status=init&vmfile=no&moduleCall=webInfo&publishConfFile=webInfo&publishSubDir=veranstaltung&publishid=133672'
133750;'043021              ';20122;'WS 2012/13  ';'Vorlesung';'Software Engineering';'2012-05-30 15:19:23.314';'http://uvlsf.uni-muenster.de/qisserver/rds?state=verpublish&status=init&vmfile=no&moduleCall=webInfo&publishConfFile=webInfo&publishSubDir=veranstaltung&publishid=133750'
148253;'043350              ';20131;'SS 2013     ';'Vorlesung';'Enterprise Application Integration';'2012-11-13 10:36:07.348';'http://uvlsf.uni-muenster.de/qisserver/rds?state=verpublish&status=init&vmfile=no&moduleCall=webInfo&publishConfFile=webInfo&publishSubDir=veranstaltung&publishid=148253'
151084;'043603              ';20131;'SS 2013     ';'Vorlesung';'Vorlesung Informatik: Mainframe Computing';'2013-01-29 14:46:31.107';'http://uvlsf.uni-muenster.de/qisserver/rds?state=verpublish&status=init&vmfile=no&moduleCall=webInfo&publishConfFile=webInfo&publishSubDir=veranstaltung&publishid=151084'
138673;'043404              ';20122;'WS 2012/13  ';'Seminar';'Seminar: Parallel Programming';'2012-07-01 12:49:01.621';'http://uvlsf.uni-muenster.de/qisserver/rds?state=verpublish&status=init&vmfile=no&moduleCall=webInfo&publishConfFile=webInfo&publishSubDir=veranstaltung&publishid=138673'
151092;'043656              ';20131;'SS 2013     ';'Seminar';'Seminar Graph Algorithms';'2013-01-29 15:18:56.761';'http://uvlsf.uni-muenster.de/qisserver/rds?state=verpublish&status=init&vmfile=no&moduleCall=webInfo&publishConfFile=webInfo&publishSubDir=veranstaltung&publishid=151092'
133664;'043036              ';20122;'WS 2012/13  ';'Übung';'Übung zum Software Engineering';'2012-07-09 10:30:27.19';'http://uvlsf.uni-muenster.de/qisserver/rds?state=verpublish&status=init&vmfile=no&moduleCall=webInfo&publishConfFile=webInfo&publishSubDir=veranstaltung&publishid=133664'
138440;'043131              ';20122;'WS 2012/13  ';'Vertiefung';'VM Informatik: Visualisierung';'2012-06-21 18:47:24.398';'http://uvlsf.uni-muenster.de/qisserver/rds?state=verpublish&status=init&vmfile=no&moduleCall=webInfo&publishConfFile=webInfo&publishSubDir=veranstaltung&publishid=138440'
138442;'043146              ';20122;'WS 2012/13  ';'Vertiefung';'VM WI: Visualisierung';'2012-06-21 19:09:14.692';'http://uvlsf.uni-muenster.de/qisserver/rds?state=verpublish&status=init&vmfile=no&moduleCall=webInfo&publishConfFile=webInfo&publishSubDir=veranstaltung&publishid=138442'
